Latitude,Longitude,Heading,Speed,DateTime
44.45057,-88.05917,356,1.44,2020-09-25T14:16:01-05:00
44.45062,-88.05917,355,3.82,2020-09-25T14:16:03-05:00
44.4507,-88.05917,360,5.19,2020-09-25T14:16:05-05:00
44.4508,-88.05917,1,6.31,2020-09-25T14:16:07-05:00
44.45092,-88.05917,1,6.13,2020-09-25T14:16:09-05:00
44.45102,-88.05916,1,5.31,2020-09-25T14:16:11-05:00
44.45111,-88.05916,2,4.47,2020-09-25T14:16:13-05:00
44.45117,-88.05917,347,3.44,2020-09-25T14:16:15-05:00
44.45124,-88.05923,316,4.76,2020-09-25T14:16:17-05:00
44.45127,-88.05935,280,5.57,2020-09-25T14:16:19-05:00
44.45127,-88.05952,267,7.11,2020-09-25T14:16:21-05:00
44.45126,-88.05972,266,7.64,2020-09-25T14:16:23-05:00
44.45125,-88.05989,266,6.67,2020-09-25T14:16:25-05:00
44.45124,-88.06007,270,5.09,2020-09-25T14:16:27-05:00
44.45124,-88.06018,270,3.92,2020-09-25T14:16:29-05:00
44.45124,-88.06023,270,0.26,2020-09-25T14:16:31-05:00
44.45124,-88.06023,,0.03,2020-09-25T14:16:33-05:00
44.45123,-88.06024,,0.01,2020-09-25T14:16:35-05:00
44.45123,-88.06024,,0,2020-09-25T14:16:37-05:00
44.45123,-88.06024,,0.02,2020-09-25T14:16:39-05:00
44.45123,-88.06025,,0.01,2020-09-25T14:16:41-05:00
44.45123,-88.06025,,0.01,2020-09-25T14:16:43-05:00
44.45123,-88.06025,,0.01,2020-09-25T14:16:45-05:00
44.45123,-88.06025,,0,2020-09-25T14:16:47-05:00
44.45124,-88.06025,,0.01,2020-09-25T14:16:49-05:00
44.45124,-88.06026,272,0.73,2020-09-25T14:16:51-05:00
44.45123,-88.0603,270,1.94,2020-09-25T14:16:53-05:00
44.45123,-88.06036,269,2.9,2020-09-25T14:16:55-05:00
44.45122,-88.06045,245,3.77,2020-09-25T14:16:57-05:00
44.45114,-88.06051,198,5.7,2020-09-25T14:16:59-05:00
44.45102,-88.06051,176,8.24,2020-09-25T14:17:01-05:00
44.45084,-88.0605,181,10.32,2020-09-25T14:17:03-05:00
44.45065,-88.06051,181,10.54,2020-09-25T14:17:05-05:00
44.45045,-88.06051,180,11.29,2020-09-25T14:17:07-05:00
44.45025,-88.06051,180,11.01,2020-09-25T14:17:09-05:00
44.45005,-88.06051,180,11.06,2020-09-25T14:17:11-05:00
44.44985,-88.06052,181,11.18,2020-09-25T14:17:13-05:00
44.44964,-88.06052,181,11.63,2020-09-25T14:17:15-05:00
44.44943,-88.06052,181,11.85,2020-09-25T14:17:17-05:00
44.44922,-88.06053,182,10.91,2020-09-25T14:17:19-05:00
44.44902,-88.06054,180,11.44,2020-09-25T14:17:21-05:00
44.44881,-88.06053,181,11.48,2020-09-25T14:17:23-05:00
44.4486,-88.06053,180,11.22,2020-09-25T14:17:25-05:00
44.4484,-88.06053,181,10.65,2020-09-25T14:17:27-05:00
44.44822,-88.06053,180,9.94,2020-09-25T14:17:29-05:00
44.44805,-88.06053,179,9.05,2020-09-25T14:17:31-05:00
44.44791,-88.06052,179,6.4,2020-09-25T14:17:33-05:00
44.44781,-88.06053,184,5.31,2020-09-25T14:17:35-05:00
44.44774,-88.06054,195,2.41,2020-09-25T14:17:37-05:00
44.44772,-88.06054,196,0.49,2020-09-25T14:17:39-05:00
44.44771,-88.06054,,0.04,2020-09-25T14:17:41-05:00
44.44771,-88.06053,,0.01,2020-09-25T14:17:43-05:00
44.4477,-88.06053,,0.03,2020-09-25T14:17:45-05:00
44.4477,-88.06053,,0.01,2020-09-25T14:17:47-05:00
44.4477,-88.06053,,0.09,2020-09-25T14:17:49-05:00
44.4477,-88.06053,,0.02,2020-09-25T14:17:51-05:00
44.4477,-88.06053,,0.01,2020-09-25T14:17:53-05:00
44.44769,-88.06053,,0.04,2020-09-25T14:17:55-05:00
44.4477,-88.06052,,0.05,2020-09-25T14:17:57-05:00
44.44769,-88.06052,,0.03,2020-09-25T14:17:59-05:00
44.44769,-88.06052,193,0.35,2020-09-25T14:18:01-05:00
44.44767,-88.06053,196,1.79,2020-09-25T14:18:03-05:00
44.44762,-88.06057,213,4.18,2020-09-25T14:18:05-05:00
44.44756,-88.06067,233,6.01,2020-09-25T14:18:07-05:00
44.44747,-88.06075,194,5.96,2020-09-25T14:18:09-05:00
44.44738,-88.06072,157,5.26,2020-09-25T14:18:11-05:00
44.4473,-88.06065,141,5.08,2020-09-25T14:18:13-05:00
44.44725,-88.06054,119,5.75,2020-09-25T14:18:15-05:00
44.44724,-88.0604,86,6.17,2020-09-25T14:18:17-05:00
44.44728,-88.06022,68,8.43,2020-09-25T14:18:19-05:00
44.44734,-88.05999,70,10.1,2020-09-25T14:18:21-05:00
44.44741,-88.05975,63,10.63,2020-09-25T14:18:23-05:00
44.44752,-88.05953,48,10.72,2020-09-25T14:18:25-05:00
44.44767,-88.05936,33,10.58,2020-09-25T14:18:27-05:00
44.44784,-88.05925,20,10.34,2020-09-25T14:18:29-05:00
44.44803,-88.0592,6,10,2020-09-25T14:18:31-05:00
44.44821,-88.0592,359,10.16,2020-09-25T14:18:33-05:00
44.44838,-88.0592,359,9.36,2020-09-25T14:18:35-05:00
44.44854,-88.0592,1,8.34,2020-09-25T14:18:37-05:00
44.44867,-88.05919,2,5.59,2020-09-25T14:18:39-05:00
44.44875,-88.05919,4,4.25,2020-09-25T14:18:41-05:00
44.4488,-88.05918,3,2.49,2020-09-25T14:18:43-05:00
44.44885,-88.05916,21,3.37,2020-09-25T14:18:45-05:00
44.44889,-88.05908,65,4.65,2020-09-25T14:18:47-05:00
44.4489,-88.05894,91,6.11,2020-09-25T14:18:49-05:00
44.4489,-88.05876,94,7.95,2020-09-25T14:18:51-05:00
44.44889,-88.05854,95,8.47,2020-09-25T14:18:53-05:00
44.44888,-88.05833,92,8.7,2020-09-25T14:18:55-05:00
44.44887,-88.0581,92,9.08,2020-09-25T14:18:57-05:00
44.44887,-88.05787,91,9.35,2020-09-25T14:18:59-05:00
44.44887,-88.05764,91,8.81,2020-09-25T14:19:01-05:00
44.44886,-88.05743,91,8.05,2020-09-25T14:19:03-05:00
44.44886,-88.05724,92,7.16,2020-09-25T14:19:05-05:00
44.44885,-88.05708,94,6.64,2020-09-25T14:19:07-05:00
44.44885,-88.05689,91,7.7,2020-09-25T14:19:09-05:00
44.44884,-88.05668,93,8.7,2020-09-25T14:19:11-05:00
44.44884,-88.05644,90,10.09,2020-09-25T14:19:13-05:00
44.44884,-88.05618,91,10.09,2020-09-25T14:19:15-05:00
44.44884,-88.05593,91,10.03,2020-09-25T14:19:17-05:00
44.44884,-88.05567,90,10.24,2020-09-25T14:19:19-05:00
44.44884,-88.05542,91,9.53,2020-09-25T14:19:21-05:00
44.44884,-88.0552,90,7.58,2020-09-25T14:19:23-05:00
44.44884,-88.05505,90,5.42,2020-09-25T14:19:25-05:00
44.44884,-88.05492,89,5.04,2020-09-25T14:19:27-05:00
44.44885,-88.05478,90,5.89,2020-09-25T14:19:29-05:00
44.44885,-88.05461,91,7.38,2020-09-25T14:19:31-05:00
44.44884,-88.0544,92,8.56,2020-09-25T14:19:33-05:00
44.44884,-88.05416,92,9.69,2020-09-25T14:19:35-05:00
44.44884,-88.05392,90,9.29,2020-09-25T14:19:37-05:00
44.44884,-88.05369,91,9.11,2020-09-25T14:19:39-05:00
44.44884,-88.05346,91,8.95,2020-09-25T14:19:41-05:00
44.44884,-88.05323,91,9.03,2020-09-25T14:19:43-05:00
44.44884,-88.053,90,9.32,2020-09-25T14:19:45-05:00
44.44884,-88.05275,90,9.66,2020-09-25T14:19:47-05:00
44.44884,-88.05251,91,10.04,2020-09-25T14:19:49-05:00
44.44883,-88.05224,93,10.71,2020-09-25T14:19:51-05:00
44.44882,-88.05197,91,11.06,2020-09-25T14:19:53-05:00
44.44882,-88.05169,90,11.03,2020-09-25T14:19:55-05:00
44.44882,-88.05141,90,10.88,2020-09-25T14:19:57-05:00
44.44883,-88.05112,90,11.26,2020-09-25T14:19:59-05:00
44.44882,-88.05083,91,11.85,2020-09-25T14:20:01-05:00
44.44882,-88.05052,91,12.02,2020-09-25T14:20:03-05:00
44.44882,-88.05022,91,12.01,2020-09-25T14:20:05-05:00
44.44882,-88.04992,90,11.41,2020-09-25T14:20:07-05:00
44.44882,-88.04962,90,12.05,2020-09-25T14:20:09-05:00
44.44882,-88.04931,91,12.5,2020-09-25T14:20:11-05:00
44.44882,-88.049,91,12.25,2020-09-25T14:20:13-05:00
44.44882,-88.0487,90,11.33,2020-09-25T14:20:15-05:00
44.44882,-88.04842,92,10.94,2020-09-25T14:20:17-05:00
44.44882,-88.04815,91,10.49,2020-09-25T14:20:19-05:00
44.44881,-88.04789,92,9.45,2020-09-25T14:20:21-05:00
44.44881,-88.04766,91,9.24,2020-09-25T14:20:23-05:00
44.44882,-88.04743,90,8.49,2020-09-25T14:20:25-05:00
44.44882,-88.04724,91,6.91,2020-09-25T14:20:27-05:00
44.44882,-88.04712,91,3.44,2020-09-25T14:20:29-05:00
44.44882,-88.04706,93,1.01,2020-09-25T14:20:31-05:00
44.44882,-88.04705,,0.05,2020-09-25T14:20:33-05:00
44.44883,-88.04705,,0.01,2020-09-25T14:20:35-05:00
44.44883,-88.04705,,0.1,2020-09-25T14:20:37-05:00
44.44883,-88.04705,,0.16,2020-09-25T14:20:39-05:00
44.44884,-88.04703,89,0.92,2020-09-25T14:20:41-05:00
44.44884,-88.04698,91,2.49,2020-09-25T14:20:43-05:00
44.44884,-88.04692,95,2.17,2020-09-25T14:20:45-05:00
44.44884,-88.04688,95,1.1,2020-09-25T14:20:47-05:00
44.44884,-88.04684,91,2,2020-09-25T14:20:49-05:00
44.44884,-88.04675,92,4.32,2020-09-25T14:20:51-05:00
44.44884,-88.04662,79,5.58,2020-09-25T14:20:53-05:00
44.44889,-88.04648,60,6.45,2020-09-25T14:20:55-05:00
44.44901,-88.04637,30,8.72,2020-09-25T14:20:57-05:00
44.44916,-88.04626,26,9.9,2020-09-25T14:20:59-05:00
44.44933,-88.04615,27,10.5,2020-09-25T14:21:01-05:00
44.4495,-88.04602,27,10.63,2020-09-25T14:21:03-05:00
44.44967,-88.04591,27,10.83,2020-09-25T14:21:05-05:00
44.44984,-88.04578,28,10.55,2020-09-25T14:21:07-05:00
44.45002,-88.04566,26,11,2020-09-25T14:21:09-05:00
44.4502,-88.04553,27,11.06,2020-09-25T14:21:11-05:00
44.45038,-88.0454,27,11.16,2020-09-25T14:21:13-05:00
44.45056,-88.04527,29,11.08,2020-09-25T14:21:15-05:00
44.45072,-88.04514,29,10.37,2020-09-25T14:21:17-05:00
44.45089,-88.04502,28,10.27,2020-09-25T14:21:19-05:00
44.45105,-88.04491,28,9.76,2020-09-25T14:21:21-05:00
44.4512,-88.0448,27,9.01,2020-09-25T14:21:23-05:00
44.45132,-88.04472,24,6.41,2020-09-25T14:21:25-05:00
44.45139,-88.04468,24,2.95,2020-09-25T14:21:27-05:00
44.45141,-88.04466,24,0.43,2020-09-25T14:21:29-05:00
44.45142,-88.04466,,0.02,2020-09-25T14:21:31-05:00
44.45142,-88.04466,,0.01,2020-09-25T14:21:33-05:00
44.45143,-88.04466,26,0.9,2020-09-25T14:21:35-05:00
44.45146,-88.04463,50,2.82,2020-09-25T14:21:37-05:00
44.45146,-88.04453,97,4.79,2020-09-25T14:21:39-05:00
44.45141,-88.04441,128,5.89,2020-09-25T14:21:41-05:00
44.45134,-88.04427,120,7.05,2020-09-25T14:21:43-05:00
44.45128,-88.04408,115,9.14,2020-09-25T14:21:45-05:00
44.4512,-88.04385,116,10.6,2020-09-25T14:21:47-05:00
44.45111,-88.0436,116,11.38,2020-09-25T14:21:49-05:00
44.45102,-88.04333,116,12.18,2020-09-25T14:21:51-05:00
44.45092,-88.04305,116,12.38,2020-09-25T14:21:53-05:00
44.45082,-88.04277,117,12.22,2020-09-25T14:21:55-05:00
44.45073,-88.0425,116,11.73,2020-09-25T14:21:57-05:00
44.45064,-88.04224,116,11.28,2020-09-25T14:21:59-05:00
44.45055,-88.04198,116,11.52,2020-09-25T14:22:01-05:00
44.45046,-88.04172,116,11.89,2020-09-25T14:22:03-05:00
44.45036,-88.04145,116,11.89,2020-09-25T14:22:05-05:00
44.45027,-88.04119,116,11.43,2020-09-25T14:22:07-05:00
44.45018,-88.04093,117,11.75,2020-09-25T14:22:09-05:00
44.45008,-88.04066,116,12.02,2020-09-25T14:22:11-05:00
44.44999,-88.04039,117,12.08,2020-09-25T14:22:13-05:00
44.44989,-88.04012,116,12,2020-09-25T14:22:15-05:00
44.44979,-88.03986,118,11.41,2020-09-25T14:22:17-05:00
44.4497,-88.0396,117,11.21,2020-09-25T14:22:19-05:00
44.44962,-88.03935,108,10.92,2020-09-25T14:22:21-05:00
44.44958,-88.03906,97,11.55,2020-09-25T14:22:23-05:00
44.44957,-88.03876,91,12.16,2020-09-25T14:22:25-05:00
44.44956,-88.03845,91,12.05,2020-09-25T14:22:27-05:00
44.44955,-88.03815,97,11.86,2020-09-25T14:22:29-05:00
44.44951,-88.03786,103,11.67,2020-09-25T14:22:31-05:00
44.44945,-88.03758,110,11.45,2020-09-25T14:22:33-05:00
44.44936,-88.03733,118,11.11,2020-09-25T14:22:35-05:00
44.44926,-88.03711,124,9.91,2020-09-25T14:22:37-05:00
44.44916,-88.03692,128,8.8,2020-09-25T14:22:39-05:00
44.44908,-88.03679,133,5.75,2020-09-25T14:22:41-05:00
44.44903,-88.03672,136,3.02,2020-09-25T14:22:43-05:00
44.449,-88.03668,135,2.19,2020-09-25T14:22:45-05:00
44.44897,-88.0366,111,4.13,2020-09-25T14:22:47-05:00
44.44897,-88.03648,76,5.63,2020-09-25T14:22:49-05:00
44.44904,-88.03634,48,7.21,2020-09-25T14:22:51-05:00
44.44914,-88.0362,43,8.84,2020-09-25T14:22:53-05:00
44.44927,-88.03602,43,10.7,2020-09-25T14:22:55-05:00
44.44943,-88.03584,37,11.76,2020-09-25T14:22:57-05:00
44.44962,-88.03568,28,12.69,2020-09-25T14:22:59-05:00
44.44984,-88.03553,27,13.34,2020-09-25T14:23:01-05:00
44.45006,-88.03538,24,13.56,2020-09-25T14:23:03-05:00
44.45027,-88.03524,25,12.86,2020-09-25T14:23:05-05:00
44.45048,-88.0351,26,13.47,2020-09-25T14:23:07-05:00
44.45071,-88.03494,23,14.1,2020-09-25T14:23:09-05:00
44.45093,-88.03479,26,13.54,2020-09-25T14:23:11-05:00
44.45116,-88.03464,27,13.52,2020-09-25T14:23:13-05:00
44.45137,-88.03448,27,13.54,2020-09-25T14:23:15-05:00
44.45159,-88.03433,28,12.9,2020-09-25T14:23:17-05:00
44.45181,-88.03419,24,13.78,2020-09-25T14:23:19-05:00
44.45203,-88.03403,27,13.68,2020-09-25T14:23:21-05:00
44.45225,-88.03387,27,13.88,2020-09-25T14:23:23-05:00
44.45248,-88.03372,25,14.01,2020-09-25T14:23:25-05:00
44.45269,-88.03356,27,13.06,2020-09-25T14:23:27-05:00
44.4529,-88.03341,26,13.32,2020-09-25T14:23:29-05:00
44.45313,-88.03325,27,13.87,2020-09-25T14:23:31-05:00
44.45335,-88.03309,27,13.9,2020-09-25T14:23:33-05:00
44.45357,-88.03293,27,13.96,2020-09-25T14:23:35-05:00
44.4538,-88.03276,27,13.93,2020-09-25T14:23:37-05:00
44.45403,-88.03261,25,14.38,2020-09-25T14:23:39-05:00
44.45426,-88.03245,25,14.33,2020-09-25T14:23:41-05:00
44.45448,-88.0323,27,13.94,2020-09-25T14:23:43-05:00
44.4547,-88.03214,25,13.72,2020-09-25T14:23:45-05:00
44.45492,-88.03198,27,13.76,2020-09-25T14:23:47-05:00
44.45514,-88.03182,27,13.24,2020-09-25T14:23:49-05:00
44.45535,-88.03168,27,12.85,2020-09-25T14:23:51-05:00
44.45556,-88.03152,27,13.18,2020-09-25T14:23:53-05:00
44.45578,-88.03137,26,13.31,2020-09-25T14:23:55-05:00
44.45599,-88.03123,27,13.17,2020-09-25T14:23:57-05:00
44.45621,-88.03109,26,13.18,2020-09-25T14:23:59-05:00
44.45642,-88.03093,25,13.56,2020-09-25T14:24:01-05:00
44.45665,-88.03078,27,13.39,2020-09-25T14:24:03-05:00
44.45684,-88.03062,30,11.92,2020-09-25T14:24:05-05:00
44.45704,-88.03047,29,12.47,2020-09-25T14:24:07-05:00
44.45724,-88.03033,28,12.01,2020-09-25T14:24:09-05:00
44.45743,-88.03019,27,12.11,2020-09-25T14:24:11-05:00
44.4576,-88.03005,28,11.1,2020-09-25T14:24:13-05:00
44.45778,-88.02992,25,11.72,2020-09-25T14:24:15-05:00
44.45798,-88.02979,28,11.26,2020-09-25T14:24:17-05:00
44.45817,-88.02965,27,11.24,2020-09-25T14:24:19-05:00
44.45835,-88.02952,27,11.28,2020-09-25T14:24:21-05:00
44.45855,-88.02939,24,11.87,2020-09-25T14:24:23-05:00
44.45875,-88.02926,25,12.43,2020-09-25T14:24:25-05:00
44.45896,-88.02912,25,12.83,2020-09-25T14:24:27-05:00
44.45917,-88.02898,25,12.93,2020-09-25T14:24:29-05:00
44.45938,-88.02883,25,13.34,2020-09-25T14:24:31-05:00
44.45959,-88.02869,26,12.36,2020-09-25T14:24:33-05:00
44.45979,-88.02855,28,11.7,2020-09-25T14:24:35-05:00
44.45997,-88.02843,27,9.82,2020-09-25T14:24:37-05:00
44.46009,-88.02834,24,6.41,2020-09-25T14:24:39-05:00
44.46017,-88.02828,33,4.54,2020-09-25T14:24:41-05:00
44.46026,-88.02819,58,5.38,2020-09-25T14:24:43-05:00
44.46034,-88.02807,47,6.15,2020-09-25T14:24:45-05:00
44.46044,-88.028,11,6.16,2020-09-25T14:24:47-05:00
44.46058,-88.02799,7,7.88,2020-09-25T14:24:49-05:00
44.46074,-88.02794,19,9.59,2020-09-25T14:24:51-05:00
44.46092,-88.02784,24,11.18,2020-09-25T14:24:53-05:00
44.46111,-88.0277,29,11.97,2020-09-25T14:24:55-05:00
44.4613,-88.02757,27,12.29,2020-09-25T14:24:57-05:00
44.46152,-88.02742,26,13.49,2020-09-25T14:24:59-05:00
44.46173,-88.02727,26,13.34,2020-09-25T14:25:01-05:00
44.46195,-88.02712,26,12.84,2020-09-25T14:25:03-05:00
44.46216,-88.02697,28,13.18,2020-09-25T14:25:05-05:00
44.46237,-88.02681,27,13.18,2020-09-25T14:25:07-05:00
44.46257,-88.02666,27,13.09,2020-09-25T14:25:09-05:00
44.46278,-88.0265,28,12.65,2020-09-25T14:25:11-05:00
44.463,-88.02635,27,13.14,2020-09-25T14:25:13-05:00
44.46321,-88.0262,27,13.18,2020-09-25T14:25:15-05:00
44.46343,-88.02605,27,13.24,2020-09-25T14:25:17-05:00
44.46364,-88.02589,27,13.15,2020-09-25T14:25:19-05:00
44.46386,-88.02574,27,12.63,2020-09-25T14:25:21-05:00
44.46406,-88.02561,26,12.01,2020-09-25T14:25:23-05:00
44.46426,-88.02547,26,11.88,2020-09-25T14:25:25-05:00
44.46444,-88.02534,27,11.27,2020-09-25T14:25:27-05:00
44.46461,-88.02522,27,9.23,2020-09-25T14:25:29-05:00
44.46474,-88.02513,27,7.15,2020-09-25T14:25:31-05:00
44.46483,-88.02508,16,4.81,2020-09-25T14:25:33-05:00
44.46492,-88.0251,333,4.95,2020-09-25T14:25:35-05:00
44.465,-88.02522,303,6.8,2020-09-25T14:25:37-05:00
44.46506,-88.02539,293,7.93,2020-09-25T14:25:39-05:00
44.46513,-88.02558,295,9.13,2020-09-25T14:25:41-05:00
44.46521,-88.0258,297,10.39,2020-09-25T14:25:43-05:00
44.46529,-88.02605,297,11.27,2020-09-25T14:25:45-05:00
44.46538,-88.02631,296,11.66,2020-09-25T14:25:47-05:00
44.46548,-88.02658,296,12.1,2020-09-25T14:25:49-05:00
44.46557,-88.02685,297,12.06,2020-09-25T14:25:51-05:00
44.46567,-88.02713,297,12.11,2020-09-25T14:25:53-05:00
44.46577,-88.0274,296,12.19,2020-09-25T14:25:55-05:00
44.46587,-88.02768,296,12.51,2020-09-25T14:25:57-05:00
44.46597,-88.02797,296,12.92,2020-09-25T14:25:59-05:00
44.46607,-88.02826,296,12.81,2020-09-25T14:26:01-05:00
44.46617,-88.02855,296,12.63,2020-09-25T14:26:03-05:00
44.46626,-88.02884,295,12.6,2020-09-25T14:26:05-05:00
44.46636,-88.02912,296,12.93,2020-09-25T14:26:07-05:00
44.46646,-88.02941,297,12.85,2020-09-25T14:26:09-05:00
44.46657,-88.02971,297,12.97,2020-09-25T14:26:11-05:00
44.46668,-88.03,296,12.97,2020-09-25T14:26:13-05:00
44.46677,-88.03029,294,12.8,2020-09-25T14:26:15-05:00
44.46687,-88.03058,296,12.52,2020-09-25T14:26:17-05:00
44.46697,-88.03085,296,11.31,2020-09-25T14:26:19-05:00
44.46705,-88.03109,297,10.6,2020-09-25T14:26:21-05:00
44.46714,-88.03135,296,11.75,2020-09-25T14:26:23-05:00
44.46724,-88.03162,296,11.96,2020-09-25T14:26:25-05:00
44.46733,-88.03189,296,11.96,2020-09-25T14:26:27-05:00
44.46743,-88.03215,296,11.67,2020-09-25T14:26:29-05:00
44.46752,-88.03241,296,11.23,2020-09-25T14:26:31-05:00
44.46761,-88.03265,297,10.61,2020-09-25T14:26:33-05:00
44.4677,-88.03288,297,9.6,2020-09-25T14:26:35-05:00
44.46776,-88.03305,296,6.05,2020-09-25T14:26:37-05:00
44.4678,-88.03315,296,3.06,2020-09-25T14:26:39-05:00
44.4678,-88.03318,296,0.24,2020-09-25T14:26:41-05:00
44.4678,-88.03318,,0.01,2020-09-25T14:26:43-05:00
44.4678,-88.03319,,0.01,2020-09-25T14:26:45-05:00
44.4678,-88.03319,,0.01,2020-09-25T14:26:47-05:00
44.4678,-88.03319,,0.01,2020-09-25T14:26:49-05:00
44.4678,-88.03319,,0.01,2020-09-25T14:26:51-05:00
44.4678,-88.03319,,0.02,2020-09-25T14:26:53-05:00
44.4678,-88.03319,,0,2020-09-25T14:26:55-05:00
44.4678,-88.03319,299,0.35,2020-09-25T14:26:57-05:00
44.46781,-88.03322,301,1.72,2020-09-25T14:26:59-05:00
44.46786,-88.03326,340,3.87,2020-09-25T14:27:01-05:00
44.46794,-88.03323,25,5.21,2020-09-25T14:27:03-05:00
44.46804,-88.03314,36,6.61,2020-09-25T14:27:05-05:00
44.46816,-88.03303,29,8.63,2020-09-25T14:27:07-05:00
44.46831,-88.03292,27,10.46,2020-09-25T14:27:09-05:00
44.46849,-88.03278,28,11.71,2020-09-25T14:27:11-05:00
44.46868,-88.03264,28,11.62,2020-09-25T14:27:13-05:00
44.46886,-88.03251,29,10.96,2020-09-25T14:27:15-05:00
44.46903,-88.03238,28,10.4,2020-09-25T14:27:17-05:00
44.46919,-88.03226,29,9.5,2020-09-25T14:27:19-05:00
44.46932,-88.03215,31,7.13,2020-09-25T14:27:21-05:00
44.46939,-88.03208,34,4.02,2020-09-25T14:27:23-05:00
44.46942,-88.03206,35,0.63,2020-09-25T14:27:25-05:00
44.46942,-88.03205,,0.01,2020-09-25T14:27:27-05:00
44.46942,-88.03205,,0.01,2020-09-25T14:27:29-05:00
44.46942,-88.03205,,0.02,2020-09-25T14:27:31-05:00
44.46942,-88.03205,,0.02,2020-09-25T14:27:33-05:00
44.46942,-88.03205,,0.01,2020-09-25T14:27:35-05:00
44.46942,-88.03205,,0.01,2020-09-25T14:27:37-05:00
44.46942,-88.03205,,0.06,2020-09-25T14:27:39-05:00
44.46943,-88.03205,,0.01,2020-09-25T14:27:41-05:00
44.46943,-88.03205,,0.02,2020-09-25T14:27:43-05:00
44.46943,-88.03205,,0.05,2020-09-25T14:27:45-05:00
44.46943,-88.03205,,0.01,2020-09-25T14:27:47-05:00
44.46943,-88.03206,,0.03,2020-09-25T14:27:49-05:00
44.46944,-88.03206,,0.03,2020-09-25T14:27:51-05:00
44.46944,-88.03205,,0.04,2020-09-25T14:27:53-05:00
44.46944,-88.03205,,0.01,2020-09-25T14:27:55-05:00
44.46944,-88.03205,,0.02,2020-09-25T14:27:57-05:00
44.46944,-88.03205,,0.01,2020-09-25T14:27:59-05:00
44.46944,-88.03205,,0.02,2020-09-25T14:28:01-05:00
44.46945,-88.03205,,0.02,2020-09-25T14:28:03-05:00
44.46945,-88.03205,,0.03,2020-09-25T14:28:05-05:00
44.46945,-88.03205,,0.02,2020-09-25T14:28:07-05:00
44.46945,-88.03205,,0.03,2020-09-25T14:28:09-05:00
44.46945,-88.03205,,0.01,2020-09-25T14:28:11-05:00
44.46945,-88.03205,,0.01,2020-09-25T14:28:13-05:00
44.46945,-88.03205,,0.01,2020-09-25T14:28:15-05:00
44.46945,-88.03205,,0,2020-09-25T14:28:17-05:00
44.46944,-88.03205,,0.05,2020-09-25T14:28:19-05:00
44.46944,-88.03205,,0.02,2020-09-25T14:28:21-05:00
44.46944,-88.03205,,0.01,2020-09-25T14:28:23-05:00
44.46944,-88.03205,,0.02,2020-09-25T14:28:25-05:00
44.46944,-88.03205,,0.02,2020-09-25T14:28:27-05:00
44.46944,-88.03205,,0.02,2020-09-25T14:28:29-05:00
44.46944,-88.03204,,0.01,2020-09-25T14:28:31-05:00
44.46944,-88.03204,,0,2020-09-25T14:28:33-05:00
44.46943,-88.03204,,0.01,2020-09-25T14:28:35-05:00
44.46943,-88.03204,,0.01,2020-09-25T14:28:37-05:00
44.46943,-88.03204,,0,2020-09-25T14:28:39-05:00
44.46943,-88.03204,,0.04,2020-09-25T14:28:41-05:00
44.46943,-88.03203,,0.02,2020-09-25T14:28:43-05:00
44.46943,-88.03203,,0.01,2020-09-25T14:28:45-05:00
44.46943,-88.03203,,0.02,2020-09-25T14:28:47-05:00
44.46943,-88.03203,,0.01,2020-09-25T14:28:49-05:00
44.46943,-88.03203,,0.01,2020-09-25T14:28:51-05:00
44.46943,-88.03202,,0.1,2020-09-25T14:28:53-05:00
44.46945,-88.03201,24,2.59,2020-09-25T14:28:55-05:00
44.46953,-88.03197,24,5.63,2020-09-25T14:28:57-05:00
44.46965,-88.03189,25,8.42,2020-09-25T14:28:59-05:00
44.46981,-88.03179,25,10.38,2020-09-25T14:29:01-05:00
44.46999,-88.03167,26,11.77,2020-09-25T14:29:03-05:00
44.47018,-88.03154,26,12.15,2020-09-25T14:29:05-05:00
44.47038,-88.0314,26,12.47,2020-09-25T14:29:07-05:00
44.47059,-88.03126,27,12.7,2020-09-25T14:29:09-05:00
44.47079,-88.03112,26,12.68,2020-09-25T14:29:11-05:00
44.471,-88.03098,26,12.8,2020-09-25T14:29:13-05:00
44.47121,-88.03083,26,13.46,2020-09-25T14:29:15-05:00
44.47144,-88.03069,25,13.94,2020-09-25T14:29:17-05:00
44.47167,-88.03054,24,14.24,2020-09-25T14:29:19-05:00
44.4719,-88.03039,25,14.49,2020-09-25T14:29:21-05:00
44.47214,-88.03023,25,14.52,2020-09-25T14:29:23-05:00
44.47238,-88.03008,24,14.94,2020-09-25T14:29:25-05:00
44.47262,-88.02992,26,14.41,2020-09-25T14:29:27-05:00
44.47284,-88.02976,27,13.65,2020-09-25T14:29:29-05:00
44.47306,-88.02961,26,14.07,2020-09-25T14:29:31-05:00
44.4733,-88.02945,26,14.56,2020-09-25T14:29:33-05:00
44.47353,-88.02929,27,14.77,2020-09-25T14:29:35-05:00
44.47377,-88.02912,26,15.45,2020-09-25T14:29:37-05:00
44.47402,-88.02895,27,15.21,2020-09-25T14:29:39-05:00
44.47427,-88.02878,26,15.24,2020-09-25T14:29:41-05:00
44.47451,-88.02861,25,14.67,2020-09-25T14:29:43-05:00
44.47474,-88.02845,27,13.98,2020-09-25T14:29:45-05:00
44.47497,-88.0283,26,14.25,2020-09-25T14:29:47-05:00
44.4752,-88.02813,27,14.22,2020-09-25T14:29:49-05:00
44.47542,-88.02798,26,13.77,2020-09-25T14:29:51-05:00
44.47564,-88.02782,26,13.28,2020-09-25T14:29:53-05:00
44.47584,-88.02768,26,12.92,2020-09-25T14:29:55-05:00
44.47606,-88.02753,27,14.07,2020-09-25T14:29:57-05:00
44.4763,-88.02736,27,14.78,2020-09-25T14:29:59-05:00
44.47653,-88.02719,27,14.68,2020-09-25T14:30:01-05:00
44.47677,-88.02703,26,14.47,2020-09-25T14:30:03-05:00
44.477,-88.02687,26,14.19,2020-09-25T14:30:05-05:00
44.47723,-88.02671,27,14.73,2020-09-25T14:30:07-05:00
44.47747,-88.02654,27,14.96,2020-09-25T14:30:09-05:00
44.47771,-88.02637,26,14.74,2020-09-25T14:30:11-05:00
44.47794,-88.02621,27,14.39,2020-09-25T14:30:13-05:00
44.47817,-88.02605,27,14.1,2020-09-25T14:30:15-05:00
44.4784,-88.02589,26,14.46,2020-09-25T14:30:17-05:00
44.47863,-88.02573,26,14.29,2020-09-25T14:30:19-05:00
44.47885,-88.02557,26,13.9,2020-09-25T14:30:21-05:00
44.47907,-88.02541,26,13.92,2020-09-25T14:30:23-05:00
44.47929,-88.02525,26,14.02,2020-09-25T14:30:25-05:00
44.47952,-88.02509,26,14.27,2020-09-25T14:30:27-05:00
44.47974,-88.02493,26,13.9,2020-09-25T14:30:29-05:00
44.47997,-88.02478,26,13.51,2020-09-25T14:30:31-05:00
44.48019,-88.02463,26,13.59,2020-09-25T14:30:33-05:00
44.48042,-88.02448,27,14.49,2020-09-25T14:30:35-05:00
44.48065,-88.02431,26,14.55,2020-09-25T14:30:37-05:00
44.48088,-88.02415,27,14.21,2020-09-25T14:30:39-05:00
44.48112,-88.02399,26,14.76,2020-09-25T14:30:41-05:00
44.48135,-88.02382,26,14.76,2020-09-25T14:30:43-05:00
44.48159,-88.02366,26,14.79,2020-09-25T14:30:45-05:00
44.48183,-88.02349,27,14.5,2020-09-25T14:30:47-05:00
44.48206,-88.02333,26,14.5,2020-09-25T14:30:49-05:00
44.4823,-88.02316,27,14.84,2020-09-25T14:30:51-05:00
44.48254,-88.02299,27,14.89,2020-09-25T14:30:53-05:00
44.48278,-88.02282,27,15.04,2020-09-25T14:30:55-05:00
44.48303,-88.02266,26,15.06,2020-09-25T14:30:57-05:00
44.48327,-88.02249,26,15.02,2020-09-25T14:30:59-05:00
44.48351,-88.02232,27,14.97,2020-09-25T14:31:01-05:00
44.48375,-88.02215,27,14.91,2020-09-25T14:31:03-05:00
44.48399,-88.02198,26,14.7,2020-09-25T14:31:05-05:00
44.48423,-88.02182,26,14.26,2020-09-25T14:31:07-05:00
44.48445,-88.02167,27,13.61,2020-09-25T14:31:09-05:00
44.48465,-88.02152,27,11.6,2020-09-25T14:31:11-05:00
44.48481,-88.02141,26,9.3,2020-09-25T14:31:13-05:00
44.48493,-88.02133,27,5.81,2020-09-25T14:31:15-05:00
44.485,-88.02129,27,2.86,2020-09-25T14:31:17-05:00
44.48502,-88.02127,28,0.52,2020-09-25T14:31:19-05:00
44.48502,-88.02127,,0.01,2020-09-25T14:31:21-05:00
44.48502,-88.02127,,0.01,2020-09-25T14:31:23-05:00
44.48502,-88.02127,,0,2020-09-25T14:31:25-05:00
44.48503,-88.02127,,0.01,2020-09-25T14:31:27-05:00
44.48503,-88.02127,,0.02,2020-09-25T14:31:29-05:00
44.48504,-88.02127,,0.02,2020-09-25T14:31:31-05:00
44.48504,-88.02127,,0,2020-09-25T14:31:33-05:00
44.48504,-88.02127,,0.01,2020-09-25T14:31:35-05:00
44.48505,-88.02127,27,0.56,2020-09-25T14:31:37-05:00
44.4851,-88.02124,27,4.35,2020-09-25T14:31:39-05:00
44.48519,-88.02117,28,7.27,2020-09-25T14:31:41-05:00
44.48534,-88.02106,27,9.86,2020-09-25T14:31:43-05:00
44.48551,-88.02094,26,11.77,2020-09-25T14:31:45-05:00
44.48572,-88.0208,26,13.19,2020-09-25T14:31:47-05:00
44.48593,-88.02065,26,13,2020-09-25T14:31:49-05:00
44.48613,-88.0205,26,12.78,2020-09-25T14:31:51-05:00
44.48633,-88.02036,26,12.42,2020-09-25T14:31:53-05:00
44.48653,-88.02022,26,12.5,2020-09-25T14:31:55-05:00
44.48673,-88.02008,27,12.43,2020-09-25T14:31:57-05:00
44.48693,-88.01993,27,12.44,2020-09-25T14:31:59-05:00
44.48713,-88.01979,26,12.53,2020-09-25T14:32:01-05:00
44.48733,-88.01964,27,12.85,2020-09-25T14:32:03-05:00
44.48755,-88.0195,26,13.34,2020-09-25T14:32:05-05:00
44.48776,-88.01935,26,13.22,2020-09-25T14:32:07-05:00
44.48797,-88.01922,27,12.75,2020-09-25T14:32:09-05:00
44.48817,-88.01907,27,12.39,2020-09-25T14:32:11-05:00
44.48838,-88.01892,27,13.11,2020-09-25T14:32:13-05:00
44.48859,-88.01877,26,13.49,2020-09-25T14:32:15-05:00
44.48881,-88.01862,26,13.71,2020-09-25T14:32:17-05:00
44.48904,-88.01847,27,13.77,2020-09-25T14:32:19-05:00
44.48926,-88.01832,26,14.08,2020-09-25T14:32:21-05:00
44.48949,-88.01816,26,14.43,2020-09-25T14:32:23-05:00
44.48972,-88.01799,27,14.47,2020-09-25T14:32:25-05:00
44.48996,-88.01783,26,14.66,2020-09-25T14:32:27-05:00
44.49019,-88.01766,27,14.8,2020-09-25T14:32:29-05:00
44.49043,-88.0175,27,14.7,2020-09-25T14:32:31-05:00
44.49066,-88.01734,25,14.17,2020-09-25T14:32:33-05:00
44.49089,-88.01721,21,13.12,2020-09-25T14:32:35-05:00
44.49112,-88.01711,16,13.28,2020-09-25T14:32:37-05:00
44.49135,-88.01701,17,13.44,2020-09-25T14:32:39-05:00
44.49157,-88.0169,18,13.63,2020-09-25T14:32:41-05:00
44.49181,-88.0168,19,13.55,2020-09-25T14:32:43-05:00
44.49204,-88.01669,19,13.22,2020-09-25T14:32:45-05:00
44.49226,-88.01659,19,12.89,2020-09-25T14:32:47-05:00
44.49248,-88.01648,19,12.89,2020-09-25T14:32:49-05:00
44.4927,-88.01638,19,13.27,2020-09-25T14:32:51-05:00
44.49293,-88.01627,18,13.31,2020-09-25T14:32:53-05:00
44.49315,-88.01617,19,12.89,2020-09-25T14:32:55-05:00
44.49336,-88.01606,19,12.37,2020-09-25T14:32:57-05:00
44.49357,-88.01596,19,12.2,2020-09-25T14:32:59-05:00
44.49378,-88.01586,18,12.54,2020-09-25T14:33:01-05:00
44.49399,-88.01576,18,12.64,2020-09-25T14:33:03-05:00
44.4942,-88.01566,19,12.13,2020-09-25T14:33:05-05:00
44.49441,-88.01557,18,11.77,2020-09-25T14:33:07-05:00
44.4946,-88.01547,19,11.73,2020-09-25T14:33:09-05:00
44.4948,-88.01538,19,11.58,2020-09-25T14:33:11-05:00
44.495,-88.01528,19,11.23,2020-09-25T14:33:13-05:00
44.49519,-88.01519,19,11.68,2020-09-25T14:33:15-05:00
44.49539,-88.01508,22,11.92,2020-09-25T14:33:17-05:00
44.49559,-88.01497,25,11.46,2020-09-25T14:33:19-05:00
44.49576,-88.01485,27,9.68,2020-09-25T14:33:21-05:00
44.49588,-88.01476,28,6.26,2020-09-25T14:33:23-05:00
44.49594,-88.0147,29,3,2020-09-25T14:33:25-05:00
44.49596,-88.01469,,0.02,2020-09-25T14:33:27-05:00
44.49596,-88.01469,,0.01,2020-09-25T14:33:29-05:00
44.49596,-88.01469,,0.01,2020-09-25T14:33:31-05:00
44.49596,-88.01468,,0.01,2020-09-25T14:33:33-05:00
44.49597,-88.01468,,0.02,2020-09-25T14:33:35-05:00
44.49597,-88.01467,,0.02,2020-09-25T14:33:37-05:00
44.49597,-88.01467,,0.02,2020-09-25T14:33:39-05:00
44.49597,-88.01467,,0.04,2020-09-25T14:33:41-05:00
44.49597,-88.01467,,0.01,2020-09-25T14:33:43-05:00
44.49597,-88.01467,,0.08,2020-09-25T14:33:45-05:00
44.49597,-88.01467,,0.01,2020-09-25T14:33:47-05:00
44.49597,-88.01467,,0.01,2020-09-25T14:33:49-05:00
44.49597,-88.01467,,0,2020-09-25T14:33:51-05:00
44.49597,-88.01467,,0.02,2020-09-25T14:33:53-05:00
44.49597,-88.01467,,0.08,2020-09-25T14:33:55-05:00
44.49597,-88.01466,28,1.31,2020-09-25T14:33:57-05:00
44.49603,-88.01462,24,4.85,2020-09-25T14:33:59-05:00
44.49614,-88.01456,23,6.89,2020-09-25T14:34:01-05:00
44.49628,-88.01448,23,9.27,2020-09-25T14:34:03-05:00
44.49645,-88.01438,27,10.32,2020-09-25T14:34:05-05:00
44.49662,-88.01426,27,11.35,2020-09-25T14:34:07-05:00
44.49682,-88.01413,23,12.33,2020-09-25T14:34:09-05:00
44.49702,-88.01401,25,12.14,2020-09-25T14:34:11-05:00
44.4972,-88.01387,31,11.23,2020-09-25T14:34:13-05:00
44.49741,-88.01372,26,12.89,2020-09-25T14:34:15-05:00
44.49761,-88.01358,27,12.88,2020-09-25T14:34:17-05:00
44.49782,-88.01343,27,13.07,2020-09-25T14:34:19-05:00
44.49802,-88.01328,27,12.56,2020-09-25T14:34:21-05:00
44.49823,-88.01314,26,13,2020-09-25T14:34:23-05:00
44.49844,-88.013,27,12.61,2020-09-25T14:34:25-05:00
44.49864,-88.01286,26,12.42,2020-09-25T14:34:27-05:00
44.49885,-88.01272,27,12.21,2020-09-25T14:34:29-05:00
44.49904,-88.01258,26,12.02,2020-09-25T14:34:31-05:00
44.49924,-88.01245,27,11.79,2020-09-25T14:34:33-05:00
44.49943,-88.01231,28,11.96,2020-09-25T14:34:35-05:00
44.49962,-88.01216,28,11.76,2020-09-25T14:34:37-05:00
44.4998,-88.01203,26,11.13,2020-09-25T14:34:39-05:00
44.49998,-88.01191,26,10.67,2020-09-25T14:34:41-05:00
44.50015,-88.01179,26,10.42,2020-09-25T14:34:43-05:00
44.5003,-88.01168,27,9.37,2020-09-25T14:34:45-05:00
44.50044,-88.01157,27,7.99,2020-09-25T14:34:47-05:00
44.50054,-88.0115,28,4.56,2020-09-25T14:34:49-05:00
44.50058,-88.01148,28,1.48,2020-09-25T14:34:51-05:00
44.50059,-88.01147,,0.02,2020-09-25T14:34:53-05:00
44.5006,-88.01147,,0.01,2020-09-25T14:34:55-05:00
44.5006,-88.01147,,0.02,2020-09-25T14:34:57-05:00
44.5006,-88.01147,,0,2020-09-25T14:34:59-05:00
44.5006,-88.01147,,0.01,2020-09-25T14:35:01-05:00
44.5006,-88.01146,,0.01,2020-09-25T14:35:03-05:00
44.5006,-88.01146,,0.01,2020-09-25T14:35:05-05:00
44.5006,-88.01146,,0.01,2020-09-25T14:35:07-05:00
44.5006,-88.01146,,0.01,2020-09-25T14:35:09-05:00
44.50061,-88.01146,,0.01,2020-09-25T14:35:11-05:00
44.50061,-88.01146,,0.01,2020-09-25T14:35:13-05:00
44.50061,-88.01146,,0.01,2020-09-25T14:35:15-05:00
44.50061,-88.01146,,0.02,2020-09-25T14:35:17-05:00
44.50062,-88.01145,21,1.37,2020-09-25T14:35:19-05:00
44.50068,-88.01142,24,4.59,2020-09-25T14:35:21-05:00
44.50079,-88.01135,30,7.72,2020-09-25T14:35:23-05:00
44.50095,-88.01124,27,10.37,2020-09-25T14:35:25-05:00
44.50112,-88.01112,27,11.25,2020-09-25T14:35:27-05:00
44.50132,-88.01098,27,12.15,2020-09-25T14:35:29-05:00
44.50151,-88.01085,28,11.61,2020-09-25T14:35:31-05:00
44.5017,-88.0107,32,12.25,2020-09-25T14:35:33-05:00
44.50189,-88.01056,26,12.08,2020-09-25T14:35:35-05:00
44.50207,-88.01043,28,10.78,2020-09-25T14:35:37-05:00
44.50225,-88.0103,27,10.47,2020-09-25T14:35:39-05:00
44.5024,-88.0102,26,8.54,2020-09-25T14:35:41-05:00
44.50251,-88.01013,26,5.49,2020-09-25T14:35:43-05:00
44.50256,-88.01009,24,1.78,2020-09-25T14:35:45-05:00
44.50258,-88.01009,,0.01,2020-09-25T14:35:47-05:00
44.50258,-88.01009,,0.03,2020-09-25T14:35:49-05:00
44.50259,-88.01009,,0.12,2020-09-25T14:35:51-05:00
44.5026,-88.01009,,0.01,2020-09-25T14:35:53-05:00
44.5026,-88.01009,,0.03,2020-09-25T14:35:55-05:00
44.50261,-88.0101,,0,2020-09-25T14:35:57-05:00
44.50261,-88.0101,,0.02,2020-09-25T14:35:59-05:00
44.50261,-88.0101,,0.01,2020-09-25T14:36:01-05:00
44.50262,-88.0101,,0.05,2020-09-25T14:36:03-05:00
44.50262,-88.0101,,0.07,2020-09-25T14:36:05-05:00
44.50262,-88.0101,,0,2020-09-25T14:36:07-05:00
44.50261,-88.0101,,0.01,2020-09-25T14:36:09-05:00
44.50261,-88.0101,,0.02,2020-09-25T14:36:11-05:00
44.50261,-88.01009,,0.01,2020-09-25T14:36:13-05:00
44.50261,-88.01009,,0,2020-09-25T14:36:15-05:00
44.50261,-88.01009,29,0.2,2020-09-25T14:36:17-05:00
44.50263,-88.01008,24,1.22,2020-09-25T14:36:19-05:00
44.50264,-88.01008,,0.13,2020-09-25T14:36:21-05:00
44.50264,-88.01008,,0.01,2020-09-25T14:36:23-05:00
44.50264,-88.01008,,0.01,2020-09-25T14:36:25-05:00
44.50264,-88.01007,,0.03,2020-09-25T14:36:27-05:00
44.50264,-88.01007,,0.02,2020-09-25T14:36:29-05:00
44.50264,-88.01007,,0.01,2020-09-25T14:36:31-05:00
44.50264,-88.01006,,0.01,2020-09-25T14:36:33-05:00
44.50264,-88.01006,25,0.47,2020-09-25T14:36:35-05:00
44.50268,-88.01003,25,3.96,2020-09-25T14:36:37-05:00
44.50278,-88.00997,27,6.59,2020-09-25T14:36:39-05:00
44.5029,-88.00988,28,9.02,2020-09-25T14:36:41-05:00
44.50307,-88.00976,27,11.21,2020-09-25T14:36:43-05:00
44.50326,-88.00962,27,12.58,2020-09-25T14:36:45-05:00
44.50346,-88.00947,26,12.5,2020-09-25T14:36:47-05:00
44.50366,-88.00934,26,12.26,2020-09-25T14:36:49-05:00
44.50386,-88.0092,26,11.76,2020-09-25T14:36:51-05:00
44.50402,-88.00909,27,8.88,2020-09-25T14:36:53-05:00
44.50417,-88.00899,26,9.7,2020-09-25T14:36:55-05:00
44.50434,-88.00887,26,11.31,2020-09-25T14:36:57-05:00
44.50453,-88.00873,26,12.51,2020-09-25T14:36:59-05:00
44.50474,-88.00859,26,12.43,2020-09-25T14:37:01-05:00
44.50494,-88.00846,25,12.25,2020-09-25T14:37:03-05:00
44.50513,-88.00834,25,11.02,2020-09-25T14:37:05-05:00
44.5053,-88.00822,25,10.92,2020-09-25T14:37:07-05:00
44.50549,-88.00811,25,11.23,2020-09-25T14:37:09-05:00
44.50567,-88.00798,27,11.52,2020-09-25T14:37:11-05:00
44.50585,-88.00785,26,11.74,2020-09-25T14:37:13-05:00
44.50604,-88.00772,27,11.38,2020-09-25T14:37:15-05:00
44.50622,-88.0076,26,11.23,2020-09-25T14:37:17-05:00
44.5064,-88.00747,26,11.49,2020-09-25T14:37:19-05:00
44.50659,-88.00734,27,11.4,2020-09-25T14:37:21-05:00
44.50678,-88.00721,26,11.79,2020-09-25T14:37:23-05:00
44.50697,-88.00708,27,11.83,2020-09-25T14:37:25-05:00
44.50716,-88.00695,26,12.08,2020-09-25T14:37:27-05:00
44.50736,-88.00682,26,12.28,2020-09-25T14:37:29-05:00
44.50756,-88.00668,26,12.35,2020-09-25T14:37:31-05:00
44.50776,-88.00654,27,12.36,2020-09-25T14:37:33-05:00
44.50795,-88.0064,27,12.16,2020-09-25T14:37:35-05:00
44.50814,-88.00627,27,11.59,2020-09-25T14:37:37-05:00
44.50834,-88.00614,27,12.27,2020-09-25T14:37:39-05:00
44.50853,-88.006,26,12.41,2020-09-25T14:37:41-05:00
44.50873,-88.00586,27,12.23,2020-09-25T14:37:43-05:00
44.50893,-88.00572,27,11.85,2020-09-25T14:37:45-05:00
44.50911,-88.00559,28,11.18,2020-09-25T14:37:47-05:00
44.50929,-88.00547,28,10.67,2020-09-25T14:37:49-05:00
44.50945,-88.00535,28,10.09,2020-09-25T14:37:51-05:00
44.5096,-88.00524,27,8.94,2020-09-25T14:37:53-05:00
44.50973,-88.00514,28,7.95,2020-09-25T14:37:55-05:00
44.50985,-88.00506,26,7.01,2020-09-25T14:37:57-05:00
44.50994,-88.005,27,4.13,2020-09-25T14:37:59-05:00
44.50999,-88.00497,26,2.5,2020-09-25T14:38:01-05:00
44.51001,-88.00495,27,1.18,2020-09-25T14:38:03-05:00
44.51002,-88.00494,,0.01,2020-09-25T14:38:05-05:00
44.51003,-88.00495,,0.01,2020-09-25T14:38:07-05:00
44.51003,-88.00495,,0.01,2020-09-25T14:38:09-05:00
44.51004,-88.00494,,0,2020-09-25T14:38:11-05:00
44.51004,-88.00494,,0.02,2020-09-25T14:38:13-05:00
44.51004,-88.00494,,0.03,2020-09-25T14:38:15-05:00
44.51005,-88.00494,25,0.96,2020-09-25T14:38:17-05:00
44.5101,-88.00491,26,4.36,2020-09-25T14:38:19-05:00
44.51019,-88.00484,26,6.48,2020-09-25T14:38:21-05:00
44.51032,-88.00476,27,8.46,2020-09-25T14:38:23-05:00
44.51047,-88.00466,24,10.02,2020-09-25T14:38:25-05:00
44.51065,-88.00453,26,11.9,2020-09-25T14:38:27-05:00
44.51085,-88.00439,26,12.21,2020-09-25T14:38:29-05:00
44.51103,-88.00426,26,11.33,2020-09-25T14:38:31-05:00
44.51121,-88.00414,26,10.51,2020-09-25T14:38:33-05:00
44.51137,-88.00404,25,9.6,2020-09-25T14:38:35-05:00
44.51152,-88.00393,26,9.58,2020-09-25T14:38:37-05:00
44.51169,-88.00381,26,11.14,2020-09-25T14:38:39-05:00
44.51187,-88.00368,26,11.72,2020-09-25T14:38:41-05:00
44.51206,-88.00356,26,11.79,2020-09-25T14:38:43-05:00
44.51225,-88.00343,26,11.27,2020-09-25T14:38:45-05:00
44.51242,-88.00331,25,10.76,2020-09-25T14:38:47-05:00
44.51259,-88.0032,25,10.25,2020-09-25T14:38:49-05:00
44.51275,-88.00309,24,9.27,2020-09-25T14:38:51-05:00
44.51288,-88.00301,25,6.55,2020-09-25T14:38:53-05:00
44.51297,-88.00295,26,4.41,2020-09-25T14:38:55-05:00
44.51301,-88.00292,26,1.19,2020-09-25T14:38:57-05:00
44.51302,-88.00292,,0.15,2020-09-25T14:38:59-05:00
44.51302,-88.00292,,0.05,2020-09-25T14:39:01-05:00
44.51302,-88.00292,,0.02,2020-09-25T14:39:03-05:00
44.51302,-88.00292,,0.01,2020-09-25T14:39:05-05:00
44.51302,-88.00292,,0.01,2020-09-25T14:39:07-05:00
44.51302,-88.00292,,0.01,2020-09-25T14:39:09-05:00
44.51302,-88.00292,,0.02,2020-09-25T14:39:11-05:00
44.51302,-88.00292,,0,2020-09-25T14:39:13-05:00
44.51302,-88.00292,,0,2020-09-25T14:39:15-05:00
44.51302,-88.00293,,0.01,2020-09-25T14:39:17-05:00
44.51302,-88.00293,,0,2020-09-25T14:39:19-05:00
44.51302,-88.00293,,0.02,2020-09-25T14:39:21-05:00
44.51302,-88.00293,,0,2020-09-25T14:39:23-05:00
44.51302,-88.00293,,0.02,2020-09-25T14:39:25-05:00
44.51302,-88.00293,,0.01,2020-09-25T14:39:27-05:00
44.51302,-88.00294,,0.01,2020-09-25T14:39:29-05:00
44.51302,-88.00294,,0.01,2020-09-25T14:39:31-05:00
44.51303,-88.00294,,0.01,2020-09-25T14:39:33-05:00
44.51303,-88.00294,,0,2020-09-25T14:39:35-05:00
44.51303,-88.00294,,0.02,2020-09-25T14:39:37-05:00
44.51303,-88.00294,,0.01,2020-09-25T14:39:39-05:00
44.51303,-88.00294,,0.01,2020-09-25T14:39:41-05:00
44.51303,-88.00294,,0.01,2020-09-25T14:39:43-05:00
44.51303,-88.00293,,0.01,2020-09-25T14:39:45-05:00
44.51303,-88.00293,,0.01,2020-09-25T14:39:47-05:00
44.51303,-88.00293,,0,2020-09-25T14:39:49-05:00
44.51304,-88.00293,25,1.03,2020-09-25T14:39:51-05:00
44.51309,-88.00289,26,4.56,2020-09-25T14:39:53-05:00
44.5132,-88.00282,26,7.5,2020-09-25T14:39:55-05:00
44.51334,-88.00272,26,9.58,2020-09-25T14:39:57-05:00
44.51351,-88.00261,26,11.27,2020-09-25T14:39:59-05:00
44.5137,-88.00247,27,12.07,2020-09-25T14:40:01-05:00
44.5139,-88.00233,26,12.97,2020-09-25T14:40:03-05:00
44.51412,-88.00218,26,13.76,2020-09-25T14:40:05-05:00
44.51435,-88.00203,24,14.44,2020-09-25T14:40:07-05:00
44.51459,-88.00189,23,14.29,2020-09-25T14:40:09-05:00
44.51481,-88.00174,27,13.23,2020-09-25T14:40:11-05:00
44.51502,-88.00159,30,13.12,2020-09-25T14:40:13-05:00
44.51522,-88.00142,31,12.92,2020-09-25T14:40:15-05:00
44.51541,-88.00126,30,12.41,2020-09-25T14:40:17-05:00
44.51559,-88.00112,27,10.16,2020-09-25T14:40:19-05:00
44.51575,-88.00103,18,9.15,2020-09-25T14:40:21-05:00
44.51589,-88.00096,24,7.95,2020-09-25T14:40:23-05:00
44.51598,-88.0009,26,4.11,2020-09-25T14:40:25-05:00
44.51601,-88.00087,27,0.84,2020-09-25T14:40:27-05:00
44.51602,-88.00087,,0.01,2020-09-25T14:40:29-05:00
44.51602,-88.00087,,0.01,2020-09-25T14:40:31-05:00
44.51602,-88.00087,,0.01,2020-09-25T14:40:33-05:00
44.51602,-88.00087,,0.01,2020-09-25T14:40:35-05:00
44.51602,-88.00087,,0.02,2020-09-25T14:40:37-05:00
44.51602,-88.00088,,0.02,2020-09-25T14:40:39-05:00
44.51603,-88.00088,,0.01,2020-09-25T14:40:41-05:00
44.51603,-88.00088,,0.01,2020-09-25T14:40:43-05:00
44.51603,-88.00088,,0.01,2020-09-25T14:40:45-05:00
44.51603,-88.00088,,0.01,2020-09-25T14:40:47-05:00
44.51603,-88.00088,,0.01,2020-09-25T14:40:49-05:00
44.51603,-88.00088,,0.01,2020-09-25T14:40:51-05:00
44.51603,-88.00088,,0.01,2020-09-25T14:40:53-05:00
44.51603,-88.00088,,0.01,2020-09-25T14:40:55-05:00
44.51603,-88.00088,,0.02,2020-09-25T14:40:57-05:00
44.51603,-88.00088,,0.01,2020-09-25T14:40:59-05:00
44.51603,-88.00088,,0.01,2020-09-25T14:41:01-05:00
44.51604,-88.00089,,0.01,2020-09-25T14:41:03-05:00
44.51604,-88.00089,,0.01,2020-09-25T14:41:05-05:00
44.51604,-88.00089,,0.02,2020-09-25T14:41:07-05:00
44.51604,-88.00088,27,0.8,2020-09-25T14:41:09-05:00
44.51609,-88.00085,21,4.02,2020-09-25T14:41:11-05:00
44.51618,-88.00085,353,5.56,2020-09-25T14:41:13-05:00
44.51627,-88.00092,319,6.51,2020-09-25T14:41:15-05:00
44.51635,-88.00108,298,7.96,2020-09-25T14:41:17-05:00
44.51642,-88.00129,296,10,2020-09-25T14:41:19-05:00
44.5165,-88.00154,296,11.31,2020-09-25T14:41:21-05:00
44.51659,-88.00181,293,12.24,2020-09-25T14:41:23-05:00
44.51668,-88.00211,294,13.35,2020-09-25T14:41:25-05:00
44.51679,-88.00243,297,14.39,2020-09-25T14:41:27-05:00
44.5169,-88.00274,296,13.8,2020-09-25T14:41:29-05:00
44.51701,-88.00306,297,14.06,2020-09-25T14:41:31-05:00
44.51712,-88.00337,297,13.74,2020-09-25T14:41:33-05:00
44.51723,-88.00367,296,13.17,2020-09-25T14:41:35-05:00
44.51733,-88.00396,295,12.37,2020-09-25T14:41:37-05:00
44.51742,-88.00423,295,11.49,2020-09-25T14:41:39-05:00
44.5175,-88.00448,295,10.63,2020-09-25T14:41:41-05:00
44.51757,-88.00469,294,7.74,2020-09-25T14:41:43-05:00
44.51761,-88.00481,295,4.1,2020-09-25T14:41:45-05:00
44.51763,-88.00488,297,2.05,2020-09-25T14:41:47-05:00
44.51767,-88.00492,328,3.35,2020-09-25T14:41:49-05:00
44.51774,-88.00493,2,4.69,2020-09-25T14:41:51-05:00
44.51782,-88.00489,27,4.81,2020-09-25T14:41:53-05:00
44.51789,-88.0048,56,4.93,2020-09-25T14:41:55-05:00
44.5179,-88.00471,82,2.71,2020-09-25T14:41:57-05:00
44.5179,-88.00466,99,1.99,2020-09-25T14:41:59-05:00
44.51788,-88.0046,119,3.68,2020-09-25T14:42:01-05:00
44.51783,-88.00448,117,6.2,2020-09-25T14:42:03-05:00
44.51777,-88.00431,117,8.01,2020-09-25T14:42:05-05:00
44.5177,-88.00412,117,8.09,2020-09-25T14:42:07-05:00
44.51764,-88.00396,116,7.09,2020-09-25T14:42:09-05:00
44.51759,-88.00381,114,6.11,2020-09-25T14:42:11-05:00
44.51754,-88.00368,124,4.38,2020-09-25T14:42:13-05:00
44.5175,-88.00362,145,2.52,2020-09-25T14:42:15-05:00
44.51748,-88.0036,149,0.54,2020-09-25T14:42:17-05:00
44.51748,-88.0036,,0.02,2020-09-25T14:42:19-05:00
44.51748,-88.0036,,0.02,2020-09-25T14:42:21-05:00
44.51747,-88.0036,,0.03,2020-09-25T14:42:23-05:00
44.51747,-88.0036,,0.02,2020-09-25T14:42:25-05:00
44.51747,-88.00359,,0.02,2020-09-25T14:42:27-05:00
44.51747,-88.00359,,0.01,2020-09-25T14:42:29-05:00
44.51747,-88.00359,,0.01,2020-09-25T14:42:31-05:00
44.51747,-88.00359,,0.01,2020-09-25T14:42:33-05:00
44.51746,-88.00359,,0.03,2020-09-25T14:42:35-05:00
44.51746,-88.00358,,0.03,2020-09-25T14:42:37-05:00
44.51746,-88.00358,,0.01,2020-09-25T14:42:39-05:00
44.51746,-88.00358,,0.01,2020-09-25T14:42:41-05:00
44.51746,-88.00358,,0.02,2020-09-25T14:42:43-05:00
44.51746,-88.00358,,0.01,2020-09-25T14:42:45-05:00
44.51746,-88.00357,,0.01,2020-09-25T14:42:47-05:00
44.51746,-88.00357,,0.06,2020-09-25T14:42:49-05:00
44.51746,-88.00357,,0.01,2020-09-25T14:42:51-05:00
44.51746,-88.00357,,0.02,2020-09-25T14:42:53-05:00
44.51746,-88.00357,,0.04,2020-09-25T14:42:55-05:00
44.51747,-88.00357,,0.01,2020-09-25T14:42:57-05:00
44.51747,-88.00357,,0.04,2020-09-25T14:42:59-05:00
44.51747,-88.00357,,0.03,2020-09-25T14:43:01-05:00
44.51747,-88.00356,,0.03,2020-09-25T14:43:03-05:00
44.51747,-88.00356,,0.02,2020-09-25T14:43:05-05:00
44.51747,-88.00356,,0.02,2020-09-25T14:43:07-05:00
44.51747,-88.00356,,0.02,2020-09-25T14:43:09-05:00
44.51747,-88.00356,,0.02,2020-09-25T14:43:11-05:00
44.51747,-88.00356,,0.03,2020-09-25T14:43:13-05:00
44.51747,-88.00356,,0.01,2020-09-25T14:43:15-05:00
44.51747,-88.00356,,0.01,2020-09-25T14:43:17-05:00
44.51747,-88.00356,,0.01,2020-09-25T14:43:19-05:00
44.51747,-88.00356,,0,2020-09-25T14:43:21-05:00
44.51747,-88.00356,,0.01,2020-09-25T14:43:23-05:00
44.51747,-88.00356,,0,2020-09-25T14:43:25-05:00
44.51747,-88.00356,,0,2020-09-25T14:43:27-05:00
44.51747,-88.00356,,0.01,2020-09-25T14:43:29-05:00
44.51747,-88.00357,,0,2020-09-25T14:43:31-05:00
44.51746,-88.00357,,0.02,2020-09-25T14:43:33-05:00
44.51746,-88.00357,,0.01,2020-09-25T14:43:35-05:00
44.51746,-88.00357,,0.01,2020-09-25T14:43:37-05:00
44.51746,-88.00357,,0.01,2020-09-25T14:43:39-05:00
44.51746,-88.00357,,0.01,2020-09-25T14:43:41-05:00
44.51746,-88.00357,,0.01,2020-09-25T14:43:43-05:00
44.51746,-88.00357,,0.01,2020-09-25T14:43:45-05:00
44.51745,-88.00357,,0.01,2020-09-25T14:43:47-05:00
44.51745,-88.00357,,0.01,2020-09-25T14:43:49-05:00
44.51745,-88.00357,,0,2020-09-25T14:43:51-05:00
44.51745,-88.00357,,0.01,2020-09-25T14:43:53-05:00
44.51745,-88.00357,,0.01,2020-09-25T14:43:55-05:00
44.51745,-88.00358,,0.01,2020-09-25T14:43:57-05:00
44.51745,-88.00358,,0.01,2020-09-25T14:43:59-05:00
44.51745,-88.00358,,0.01,2020-09-25T14:44:01-05:00
44.51745,-88.00358,,0.01,2020-09-25T14:44:03-05:00
44.51745,-88.00357,,0.01,2020-09-25T14:44:05-05:00
44.51745,-88.00357,,0.02,2020-09-25T14:44:07-05:00
44.51745,-88.00357,,0.01,2020-09-25T14:44:09-05:00
44.51745,-88.00357,,0,2020-09-25T14:44:11-05:00
44.51746,-88.00356,,0.01,2020-09-25T14:44:13-05:00
44.51746,-88.00356,,0.01,2020-09-25T14:44:15-05:00
44.51746,-88.00356,,0.01,2020-09-25T14:44:17-05:00
44.51746,-88.00356,,0.01,2020-09-25T14:44:19-05:00
44.51746,-88.00356,,0,2020-09-25T14:44:21-05:00
44.51746,-88.00356,,0,2020-09-25T14:44:23-05:00
44.51747,-88.00356,,0.01,2020-09-25T14:44:25-05:00
44.51747,-88.00356,,0.01,2020-09-25T14:44:27-05:00
44.51747,-88.00356,,0.01,2020-09-25T14:44:29-05:00
44.51747,-88.00356,,0.01,2020-09-25T14:44:31-05:00
44.51747,-88.00356,,0.01,2020-09-25T14:44:33-05:00
44.51747,-88.00356,,0.01,2020-09-25T14:44:35-05:00
44.51747,-88.00356,,0.01,2020-09-25T14:44:37-05:00
44.51747,-88.00356,,0.01,2020-09-25T14:44:39-05:00
44.51747,-88.00356,,0.01,2020-09-25T14:44:41-05:00
44.51747,-88.00357,,0.02,2020-09-25T14:44:43-05:00
44.51747,-88.00357,,0.01,2020-09-25T14:44:45-05:00
44.51747,-88.00357,,0.02,2020-09-25T14:44:47-05:00
44.51747,-88.00357,,0.01,2020-09-25T14:44:49-05:00
44.51747,-88.00357,,0,2020-09-25T14:44:51-05:00
44.51748,-88.00357,,0.01,2020-09-25T14:44:53-05:00
44.51748,-88.00357,,0.01,2020-09-25T14:44:55-05:00
44.51748,-88.00357,,0.01,2020-09-25T14:44:57-05:00
44.51748,-88.00357,,0.01,2020-09-25T14:44:59-05:00
44.51748,-88.00357,,0.01,2020-09-25T14:45:01-05:00
44.51748,-88.00357,,0.01,2020-09-25T14:45:03-05:00
44.51748,-88.00357,,0.01,2020-09-25T14:45:05-05:00
44.51749,-88.00357,,0.01,2020-09-25T14:45:07-05:00
44.51749,-88.00357,,0.01,2020-09-25T14:45:09-05:00
44.51749,-88.00357,,0.01,2020-09-25T14:45:11-05:00
44.51749,-88.00358,,0.01,2020-09-25T14:45:13-05:00
44.51749,-88.00358,,0.02,2020-09-25T14:45:15-05:00
44.51749,-88.00358,,0.01,2020-09-25T14:45:17-05:00
44.5175,-88.00358,,0.01,2020-09-25T14:45:19-05:00
44.5175,-88.00358,,0,2020-09-25T14:45:21-05:00
44.5175,-88.00358,,0.01,2020-09-25T14:45:23-05:00
44.5175,-88.00358,,0.02,2020-09-25T14:45:25-05:00
44.5175,-88.00358,,0.01,2020-09-25T14:45:27-05:00
44.51751,-88.00358,,0.01,2020-09-25T14:45:29-05:00
44.51751,-88.00358,,0,2020-09-25T14:45:31-05:00
44.51751,-88.00358,,0.02,2020-09-25T14:45:33-05:00
44.51751,-88.00358,,0.01,2020-09-25T14:45:35-05:00
44.51751,-88.00358,,0.04,2020-09-25T14:45:37-05:00
44.51751,-88.00358,,0.01,2020-09-25T14:45:39-05:00
44.51751,-88.00358,,0.01,2020-09-25T14:45:41-05:00
44.51752,-88.00358,,0.01,2020-09-25T14:45:43-05:00
44.51752,-88.00358,,0.04,2020-09-25T14:45:45-05:00
44.51752,-88.00358,,0.01,2020-09-25T14:45:47-05:00
44.51752,-88.00358,,0.01,2020-09-25T14:45:49-05:00
44.51752,-88.00358,,0.01,2020-09-25T14:45:51-05:00
44.51752,-88.00358,,0.01,2020-09-25T14:45:53-05:00
44.51752,-88.00359,,0,2020-09-25T14:45:55-05:00
44.51752,-88.00359,,0,2020-09-25T14:45:57-05:00
44.51752,-88.00359,,0.01,2020-09-25T14:45:59-05:00
44.51752,-88.00359,,0.01,2020-09-25T14:46:01-05:00
44.51752,-88.00359,,0,2020-09-25T14:46:03-05:00
44.51752,-88.0036,,0.01,2020-09-25T14:46:05-05:00
44.51752,-88.0036,,0.01,2020-09-25T14:46:07-05:00
44.51752,-88.0036,,0.01,2020-09-25T14:46:09-05:00
44.51751,-88.0036,,0.01,2020-09-25T14:46:11-05:00
44.51752,-88.00361,,0.01,2020-09-25T14:46:13-05:00
44.51751,-88.00361,,0.01,2020-09-25T14:46:15-05:00
44.51751,-88.00361,,0.02,2020-09-25T14:46:17-05:00
44.51751,-88.00361,,0,2020-09-25T14:46:19-05:00
44.51751,-88.00361,,0.01,2020-09-25T14:46:21-05:00
44.51751,-88.00361,,0.01,2020-09-25T14:46:23-05:00
44.51751,-88.00361,,0.01,2020-09-25T14:46:25-05:00
44.51751,-88.00361,,0.01,2020-09-25T14:46:27-05:00
44.5175,-88.00361,,0.01,2020-09-25T14:46:29-05:00
44.5175,-88.0036,,0.01,2020-09-25T14:46:31-05:00
44.5175,-88.0036,,0.01,2020-09-25T14:46:33-05:00
44.5175,-88.0036,,0.01,2020-09-25T14:46:35-05:00
44.5175,-88.0036,,0.01,2020-09-25T14:46:37-05:00
44.51749,-88.0036,,0.01,2020-09-25T14:46:39-05:00
44.51749,-88.0036,,0,2020-09-25T14:46:41-05:00
44.51749,-88.0036,,0.03,2020-09-25T14:46:43-05:00
44.51749,-88.00359,,0.05,2020-09-25T14:46:45-05:00
44.51749,-88.00359,,0.01,2020-09-25T14:46:47-05:00
44.51749,-88.00359,,0.01,2020-09-25T14:46:49-05:00
44.51748,-88.00359,,0.02,2020-09-25T14:46:51-05:00
44.51748,-88.00359,,0.01,2020-09-25T14:46:53-05:00
44.51749,-88.00358,,0.03,2020-09-25T14:46:55-05:00
44.51749,-88.00358,,0.03,2020-09-25T14:46:57-05:00
44.51749,-88.00358,,0.01,2020-09-25T14:46:59-05:00
44.51749,-88.00358,,0.02,2020-09-25T14:47:01-05:00
44.51749,-88.00358,,0.02,2020-09-25T14:47:03-05:00
44.51749,-88.00358,,0.01,2020-09-25T14:47:05-05:00
44.51748,-88.00357,148,1.06,2020-09-25T14:47:07-05:00
44.51748,-88.00357,,0.06,2020-09-25T14:47:09-05:00
44.51748,-88.00357,,0.01,2020-09-25T14:47:11-05:00
44.51748,-88.00358,,0.01,2020-09-25T14:47:13-05:00
44.51748,-88.00358,,0.02,2020-09-25T14:47:15-05:00
44.51748,-88.00358,,0.02,2020-09-25T14:47:17-05:00
44.51748,-88.00359,,0,2020-09-25T14:47:19-05:00
44.51748,-88.00359,,0,2020-09-25T14:47:21-05:00
44.51749,-88.00359,,0.02,2020-09-25T14:47:23-05:00
44.51749,-88.0036,,0,2020-09-25T14:47:25-05:00
44.51749,-88.0036,,0.02,2020-09-25T14:47:27-05:00
44.51749,-88.0036,,0.01,2020-09-25T14:47:29-05:00
44.51749,-88.00361,,0.01,2020-09-25T14:47:31-05:00
44.51749,-88.00361,,0.07,2020-09-25T14:47:33-05:00
44.51749,-88.00361,,0.01,2020-09-25T14:47:35-05:00
44.51749,-88.00361,,0.02,2020-09-25T14:47:37-05:00
44.51749,-88.00362,,0.01,2020-09-25T14:47:39-05:00
44.51749,-88.00362,,0.02,2020-09-25T14:47:41-05:00
44.51749,-88.00362,,0.02,2020-09-25T14:47:43-05:00
44.51749,-88.00362,,0.02,2020-09-25T14:47:45-05:00
44.51749,-88.00361,,0.01,2020-09-25T14:47:47-05:00
44.51749,-88.00361,,0.01,2020-09-25T14:47:49-05:00
44.51749,-88.00362,,0.03,2020-09-25T14:47:51-05:00
44.51749,-88.00362,,0.01,2020-09-25T14:47:53-05:00
44.51749,-88.00362,,0.02,2020-09-25T14:47:55-05:00
44.51748,-88.00361,124,0.87,2020-09-25T14:47:57-05:00
44.51748,-88.00358,107,1.49,2020-09-25T14:47:59-05:00
44.51747,-88.00352,98,2.76,2020-09-25T14:48:01-05:00
44.51746,-88.00343,99,3.96,2020-09-25T14:48:03-05:00
44.51745,-88.00332,98,4.64,2020-09-25T14:48:05-05:00
44.51742,-88.00321,112,4.44,2020-09-25T14:48:07-05:00
44.51738,-88.00311,120,4.53,2020-09-25T14:48:09-05:00
44.51734,-88.003,122,4.47,2020-09-25T14:48:11-05:00
44.51729,-88.0029,126,4.49,2020-09-25T14:48:13-05:00
44.51725,-88.00281,120,4.34,2020-09-25T14:48:15-05:00
44.51723,-88.00276,,0.56,2020-09-25T14:48:17-05:00
44.51722,-88.00273,,0.35,2020-09-25T14:48:19-05:00
44.51722,-88.00271,,0.02,2020-09-25T14:48:21-05:00
44.51721,-88.00268,125,1.46,2020-09-25T14:48:23-05:00
44.51717,-88.0026,120,4.16,2020-09-25T14:48:25-05:00
44.51712,-88.00247,117,6.41,2020-09-25T14:48:27-05:00
44.51707,-88.00231,114,7.08,2020-09-25T14:48:29-05:00
44.51701,-88.00216,115,6.26,2020-09-25T14:48:31-05:00
44.51696,-88.00204,131,5.47,2020-09-25T14:48:33-05:00
44.51689,-88.00196,159,5.22,2020-09-25T14:48:35-05:00
44.5168,-88.00196,192,5.03,2020-09-25T14:48:37-05:00
44.51673,-88.00201,215,3.41,2020-09-25T14:48:39-05:00
44.5167,-88.00205,219,1.78,2020-09-25T14:48:41-05:00
44.51666,-88.00209,208,3.08,2020-09-25T14:48:43-05:00
44.5166,-88.0021,183,2.99,2020-09-25T14:48:45-05:00
44.51654,-88.00206,141,4.23,2020-09-25T14:48:47-05:00
44.5165,-88.00195,117,5.73,2020-09-25T14:48:49-05:00
44.51644,-88.0018,116,7.72,2020-09-25T14:48:51-05:00
44.51637,-88.00161,119,8.73,2020-09-25T14:48:53-05:00
44.51629,-88.00142,117,8.07,2020-09-25T14:48:55-05:00
44.51623,-88.00127,116,5.7,2020-09-25T14:48:57-05:00
44.5162,-88.00116,117,3.88,2020-09-25T14:48:59-05:00
44.51618,-88.00111,116,1.27,2020-09-25T14:49:01-05:00
44.51617,-88.0011,,0.13,2020-09-25T14:49:03-05:00
44.51617,-88.0011,,0.02,2020-09-25T14:49:05-05:00
44.51617,-88.0011,,0.01,2020-09-25T14:49:07-05:00
44.51617,-88.0011,,0.01,2020-09-25T14:49:09-05:00
44.51617,-88.00109,,0.02,2020-09-25T14:49:11-05:00
44.51617,-88.00109,,0,2020-09-25T14:49:13-05:00
44.51617,-88.00109,118,0.46,2020-09-25T14:49:15-05:00
44.51615,-88.00104,116,3.17,2020-09-25T14:49:17-05:00
44.51612,-88.00096,120,3.77,2020-09-25T14:49:19-05:00
44.51606,-88.00091,164,4.23,2020-09-25T14:49:21-05:00
44.51597,-88.00094,207,5.53,2020-09-25T14:49:23-05:00
44.51587,-88.00104,217,7.72,2020-09-25T14:49:25-05:00
44.51573,-88.00116,208,10.19,2020-09-25T14:49:27-05:00
44.51555,-88.00129,206,11.61,2020-09-25T14:49:29-05:00
44.51535,-88.00142,206,12.36,2020-09-25T14:49:31-05:00
44.51514,-88.00156,206,12.9,2020-09-25T14:49:33-05:00
44.51493,-88.00171,206,13.12,2020-09-25T14:49:35-05:00
44.51472,-88.00185,206,12.59,2020-09-25T14:49:37-05:00
44.51452,-88.00199,207,11.99,2020-09-25T14:49:39-05:00
44.51433,-88.00213,208,12.08,2020-09-25T14:49:41-05:00
44.51414,-88.00227,207,11.82,2020-09-25T14:49:43-05:00
44.51396,-88.00239,206,11.21,2020-09-25T14:49:45-05:00
44.51379,-88.00251,206,10.64,2020-09-25T14:49:47-05:00
44.51364,-88.00261,208,8.43,2020-09-25T14:49:49-05:00
44.51353,-88.00269,208,5.2,2020-09-25T14:49:51-05:00
44.51347,-88.00273,207,2.89,2020-09-25T14:49:53-05:00
44.51345,-88.00274,,0.27,2020-09-25T14:49:55-05:00
44.51345,-88.00274,,0.01,2020-09-25T14:49:57-05:00
44.51345,-88.00274,,0.02,2020-09-25T14:49:59-05:00
44.51345,-88.00274,,0.01,2020-09-25T14:50:01-05:00
44.51344,-88.00274,,0.01,2020-09-25T14:50:03-05:00
44.51344,-88.00273,,0.03,2020-09-25T14:50:05-05:00
44.51343,-88.00273,,0.02,2020-09-25T14:50:07-05:00
44.51343,-88.00273,,0.01,2020-09-25T14:50:09-05:00
44.51343,-88.00273,,0.02,2020-09-25T14:50:11-05:00
44.51343,-88.00273,,0.02,2020-09-25T14:50:13-05:00
44.51343,-88.00273,,0.02,2020-09-25T14:50:15-05:00
44.51342,-88.00273,,0.02,2020-09-25T14:50:17-05:00
44.51342,-88.00273,,0,2020-09-25T14:50:19-05:00
44.51342,-88.00273,207,0.53,2020-09-25T14:50:21-05:00
44.51339,-88.00275,206,2.43,2020-09-25T14:50:23-05:00
44.51332,-88.0028,207,5.23,2020-09-25T14:50:25-05:00
44.51322,-88.00287,207,7.09,2020-09-25T14:50:27-05:00
44.5131,-88.00296,207,8.26,2020-09-25T14:50:29-05:00
44.51296,-88.00306,208,9.07,2020-09-25T14:50:31-05:00
